"V1","V2","V3","V4","V5","V6","V7","V8","V9","V10","V11","V12","V13","V14","V15","V16","V17","V18","V19","V20","V21","V22","V23","V24","V25","V26","V27","V28","V29","V30","V31","V32","V33","V34","V35","V36","V37","V38","V39","V40","V41","V42","V43","V44","V45","V46","V47","V48","V49","V50","V51","V52","V53","V54","V55","V56","V57","V58","V59","V60","V61","V62","V63","V64","V65","V66","V67","V68","V69","V70","V71","V72","V73","V74","V75","V76","V77","V78","V79","V80","V81","V82","V83","V84","V85","V86","V87","V88","V89","V90","V91","V92","V93","V94","V95","V96","V97","V98","V99","V100"
0,33.4917372167627,59.8199163322056,87.9506838812055,115.080416284608,131.020646651501,163.804298181972,161.007190003256,161.51348248304,165.055451223662,166.072882746754,163.400673437928,168.878960924456,171.641898305421,171.794200797125,167.638877749555,163.4397246019,168.425435141292,173.965681338643,174.974424902345,180.4754000049,178.281865882896,173.685891767714,176.746359254702,174.995420994532,176.060035967518,171.736792031921,169.769952429418,171.091825690361,173.083344800773,177.844461208721,177.821611816735,174.523544752739,175.06495071347,169.871912612672,171.791131934465,168.831584031058,164.061730722091,165.662547587315,163.021735833745,162.295207475735,166.49819126815,160.65561703552,163.498056996311,158.535979886368,161.605166299528,164.830497076436,162.860966360451,157.523169173295,157.288971181728,155.764149612607,153.713570302022,148.325913895531,152.023937703776,146.585446150777,143.879589074706,148.923344881077,142.752871914328,140.677270994529,142.629437759572,146.998624174393,142.388880694194,143.187622669549,138.753194953793,144.323424266324,148.063613354973,143.920170743769,138.907927945902,142.428411686851,147.700406030528,149.879919290203,145.923184400323,147.925900759533,143.677960735968,145.118396689272,146.162093722354,144.55129723603,147.396848007764,142.694285193562,138.706647690625,134.357486763344,136.774675634244,132.788155233218,137.155365712695,142.266698728832,146.807175318906,148.30512478212,150.774255016197,148.643924142078,146.780573751888,146.885132621473,147.319007478709,141.542716916292,139.969983918966,140.526565451566,138.941433230764,143.168739756443,144.433306033731,145.392462566268,142.32254827868
0,4.61520999701325,3.05132781600782,-1.30624890781798,3.58486882063675,8.38362712485944,3.92889779263196,1.24497448645972,3.05695121765032,-1.7758084926778,10.2288186648031,22.0504440703827,18.3473373017235,12.0699993897205,5.39929428457955,8.78598009192683,3.86394109704786,-0.390062436199646,0.657710349287892,-0.983125134478376,-1.07769724751084,1.62498040727862,-4.83123543483549,2.19165200457392,8.91054438807879,13.2217526214936,10.1799287896727,11.3454513864653,12.6767134903166,17.1371768279274,13.897383923309,9.26846131835748,4.72589881180678,-0.245345098559599,-3.66373577386685,-8.89525358104836,-12.8801078673285,-2.8157776001428,6.21669195159715,18.3890592995869,27.9334331878898,39.728488354153,50.32612722592,65.3494900857406,74.5104696256441,77.2962494053639,74.8785570853217,73.241988125847,77.3150526798607,72.7017828637455,85.3586062155714,93.9000123699881,109.149537598187,109.282563045081,107.251808121657,110.957997573446,105.733250704496,111.495765983255,110.679370520934,104.659825685875,116.49096127702,130.52102360585,134.594729089372,127.206726679259,132.046584628157,127.325453479493,130.774886025898,132.119560682221,133.966102477229,133.282690987863,130.524160227206,128.45552728138,121.952190927032,121.40825632453,122.86878621051,127.878204461535,126.20582807052,123.933967133595,124.659776893277,120.541426038861,119.939167935667,115.297347135982,110.158611182167,111.953734430959,111.41718025769,111.20995292348,110.888251836717,114.849326620695,119.203491020864,116.503321957008,119.534641167792,114.021188165532,108.379776373814,112.26663639947,111.929827934733,103.522160414803,105.1848599936,109.573472368766,107.168275528214,112.802729252237
0,7.74067987044919,1.42639870069223,6.80570390908028,9.39425432175633,5.73404512640483,0.673417936854749,5.97171198084694,8.02543458472291,3.11098259402103,-0.381083189866236,-1.95783069797985,4.71453171538637,6.7096302083791,3.22042022397807,6.93093827289075,10.4482347872957,8.87376820272476,11.2241728947327,4.99087607462329,1.8266779252386,7.63223353743745,7.5037606445276,10.4702770244002,14.9062207525471,21.503580190952,27.2046080496278,29.5877218261035,24.9053975472232,20.9783630035665,24.1427394634793,20.8818863742181,25.6491104574671,21.5064084536659,17.5874861215517,17.669829123887,17.2608098052889,20.5074433685464,16.1170346880646,20.0411673364706,14.7165850391711,8.01799736678419,3.40238543049727,2.63002673814966,6.60883562946258,10.6994123197634,17.1546120589904,13.2128232774929,13.3378375327658,13.3639891360429,8.78890943097741,9.73386448322525,15.0477405829715,15.4050308808821,19.2304428686923,15.9335969324071,11.4986546290343,9.85163264051467,7.42990677930266,7.77530246517107,9.24550750364148,15.1056008133102,20.5389113947721,24.8632452375175,26.3341118737942,32.66372205156,26.9606519652979,29.2898676850041,33.7817746655275,37.7578323910629,43.6623334926803,46.5593219878423,51.9224480783667,55.3333782594039,57.2301395846591,51.3642657033993,44.521380231233,40.200165791718,44.6270206137997,43.0849875304018,49.2244484183524,51.5699783149998,56.1614019209893,60.3261700882622,64.1094552752598,75.3140077367967,86.6726900327438,99.5325807904666,109.262992581873,120.95137394412,126.319206295847,124.832304710463,124.106734461583,127.252806214795,125.967920945577,125.294182405465,123.330139641055,119.48126173768,124.701168464636,128.050688073209
0,-0.54702460337967,1.76793778987978,3.67245769078034,5.41730841442645,10.8155304674182,14.9547288685148,17.9498311764953,18.885561406465,18.7418520183196,17.9444535101626,21.6009530158574,21.2332128153297,22.8939912144219,22.0786723008426,25.9024861943225,29.3143484253285,28.9378212087058,32.0399377529173,32.114445176284,34.8872156525792,36.0023484950294,37.5733059023137,37.4083198937173,33.6077916484558,29.5299983818012,25.6947813076856,23.4582561196912,20.4495609256395,23.5959912426096,27.3577956095913,23.6458007291002,25.8059587548309,23.7981852165019,27.7078458934058,24.5747565633989,26.8064409918504,26.8714137085764,31.3083789553265,28.2608285409712,27.6806489243518,31.300134521845,35.3070201225031,31.6727980132501,29.6291902880995,35.230443122921,38.0523231603304,39.3992217196569,43.4959480907094,43.3104424196385,48.090683438054,44.8550052566966,49.9058136356594,47.7688127403547,44.1335938015122,40.5702353206044,44.4627496953128,43.428771208183,46.1123538052971,49.9600080976381,45.5305794750242,44.8185754275876,43.9521406758275,45.5652234173717,43.635894601555,48.270191555783,44.2290754879628,47.53862990233,48.7447715883825,51.7976770290833,49.1829641369659,50.2457211679189,50.640171974499,53.8670177685233,50.6969879911206,50.9566660317374,47.7302646638857,52.1154268931928,51.3720125942046,50.5720399920513,46.8002601089444,43.2284201992498,46.6220444734812,50.0114713307394,52.5520020616889,48.991096506422,49.8463396056422,50.9696114066184,43.5638230253905,40.7648165657058,43.8090286889057,40.32171389063,42.0535493025002,42.5450089240269,47.0230226302683,44.8986506207704,42.750111305221,41.1982906904356,40.9841152838025,43.698541794498
0,21.8677748578442,43.534614676962,61.6226110656993,76.8576750267992,102.423232863797,126.151399274485,147.515846589858,165.213752657622,158.961931660735,161.52540143215,168.26171430325,163.589760615047,168.154243380315,172.294445445231,170.420151134775,174.472578549123,178.822082235283,174.638473818458,170.11044254317,169.203762817582,191.549207416113,217.318424479888,240.872729983115,243.941350463365,247.594292540129,250.013177778812,252.422049631253,250.663108402102,252.553252293981,256.864448079992,257.754890023681,256.869465223272,253.073733906523,255.410512120649,255.785541483771,255.236027209242,257.849798022282,251.420958999934,249.307180897972,246.864628297333,251.859347889768,255.388583038937,256.541181609877,250.779825848404,255.566790240422,249.02415925588,254.447509029496,258.517059311202,262.211904956734,259.327730342808,264.241093781337,266.680437636858,269.48851074808,263.128200154354,260.471627074832,261.84343472918,264.460327893334,260.343630165454,261.217121565529,267.701085546497,268.980387093556,274.194965290164,280.263106946628,285.6361852778,288.543024428343,287.688060762092,293.391471510387,290.292556602101,289.43537227589,292.44022932464,287.775540554468,283.598816623508,284.532741534585,286.724639468089,286.427468742332,285.882141907086,289.196326440015,285.135531556939,286.635907968469,290.450386565757,293.19492647612,299.060694795504,303.951147823621,305.944565546709,301.061761140903,296.779190208175,296.580379618164,301.80070858121,298.447914625351,300.416237621582,301.429394537213,298.175904478892,302.215700357822,298.868392906659,304.834191394191,306.006628346355,307.052431491887,300.528622181336,302.152725050259
0,17.9074202151295,30.3401088795056,46.9351026207997,48.9824842616648,47.5941193078583,49.7670431594162,43.868785142185,47.9562808447264,52.5991040267697,55.773566332985,55.551016190092,51.8818279709553,49.1682866074917,45.941825955712,48.0769896935275,46.9755960395332,50.4232579723219,48.5241826388487,44.9582950913501,42.9272592185351,61.6390023807717,78.1616627900716,97.5190591190008,110.665664210859,109.674593825809,112.823184152088,112.214989434046,113.387209382671,118.354405401335,119.000939539326,116.531147539012,110.710052992169,111.202277496457,114.951410098057,110.335476430747,112.055459650572,110.660080331071,107.651859086418,110.647875574438,108.731268300091,102.413219563835,107.155607826682,106.230661596412,99.5667937565938,98.9241218099523,105.447775432235,105.483159936537,106.242208917731,108.015948781296,103.549659914086,104.584210228583,109.095380939188,103.609684055758,102.975207166184,100.751311408218,103.780610209245,98.0825561526674,102.410522862727,107.650859269949,105.71850802063,106.995739358817,107.571882233882,101.131693092893,115.667012939125,127.353391260765,131.661500833918,136.544560797288,136.468748940122,140.151561486887,143.647900647281,147.26893492482,152.0492010264,147.374955406936,151.993654394048,155.129117911394,161.117571897234,155.971116141245,162.182664151685,156.151243117168,155.91622805089,153.810105589496,148.043829711236,148.85511092516,151.031513475242,156.638507469505,155.771938078371,152.140413500258,149.602225477887,149.744797893048,149.323849539841,145.816696492827,140.649954320427,144.553274628785,149.002754694685,147.082278109326,148.527886679425,152.097384475403,152.77412653455,155.844401907908
0,-3.70728014108989,2.48588196384344,-1.15399661651666,-0.783230337677309,-4.04992839551825,-1.37686738093341,0.98157370370171,3.26752580969228,-1.6676833076348,-6.43380689141941,-2.17263075911449,-3.10994905166436,-2.73812118655362,-1.49931814984419,-1.47050478671738,1.88548542123649,-3.80451183498853,-0.0440244972931776,-0.669199256586822,1.40240550837131,-4.31131346556359,-0.100121877961727,-5.75001682952177,-11.3366361040709,-11.7719360010598,-13.5488173872967,-16.2042690010226,-17.0458952093966,-21.95431065149,-28.9354127158586,-25.7800735058955,-25.245085471859,-28.9484072356653,-25.2018182020936,-29.1858445829512,-25.4786993636412,-25.1161944246841,-31.5441638136522,-31.185204609418,-30.3578541019199,-27.2761710938192,-30.2177657685221,-34.2024503137886,-31.8248214365504,-35.5046444086977,-32.1009040459445,-27.711559160591,-32.4249908312719,-36.0144101232836,-35.1671012863528,-36.7865054683443,-36.1963331548556,-34.595472652235,-30.7444710817814,-33.68386875013,-28.5384514410532,-27.6188019644222,-31.6911490939632,-34.1131335832941,-36.9682938321555,-34.8407410659362,-37.7662068489293,-35.1852525079115,-33.1340563586044,-32.2258398808229,-31.271456631552,-32.0546245937499,-28.101039526052,-23.2060464290528,-23.555999757676,-19.2915573542809,-14.4152618250341,-11.9741684039405,-9.43171772258943,-13.5838660374908,-14.6980204693628,-10.6081494206029,-6.26596910597545,-11.361729883557,-8.50434812037568,-10.7241411960166,-12.9077585762375,4.7012475686156,27.6491975702037,51.8307090108456,73.2095165804034,72.2953854409143,77.9478928072061,96.087642870271,102.414635724143,107.237748447747,112.473908185441,109.388034509713,104.022802091776,108.897995242321,112.477003092899,107.820491348715,102.711737779594,95.7557866760663
0,12.1740200683319,26.542785089611,29.0227603889947,27.214631226954,23.8380245138775,27.7571316881052,30.5010909430329,30.4842883951327,33.8264868066422,31.7307340730823,28.0106421774559,26.1718877528899,27.6109108718377,26.2056677662708,29.9415284669169,31.6370527440622,34.1640301323095,37.5073897673741,40.382733497935,41.259956052426,41.6758006964341,38.8490492286301,53.9152464327709,61.6623901072466,81.5402693680135,97.422730336608,109.62088985142,123.335701871398,138.191868899815,133.833672990189,132.830496927658,130.455390140725,128.453772734037,124.18456392219,121.656513102403,121.981873155788,123.457876207885,121.435240298015,114.810393875073,129.675097218008,146.122571861263,160.658482043883,173.30243075919,181.183369592765,178.319568113971,180.408838296277,177.568271597538,181.327719229998,177.389921901016,178.307341678689,173.904191558558,171.246208196034,174.586111264347,171.408626540324,176.279118397481,179.982261927563,182.549781041694,179.893693693075,182.86387828877,180.944417799176,178.483594559657,175.928483615275,190.316442773141,203.495406198561,214.778346702087,226.508873513647,223.969183069766,219.641590244204,224.236491730612,229.101669211159,231.284847339011,232.750847545402,236.725390450645,239.000833260138,235.059550904861,235.717768840511,235.330319157827,238.447217379011,236.601354604316,233.416760149937,228.316551328259,231.813100792397,236.149025065062,240.770152558598,245.351075083871,241.983810647968,236.310467089889,233.275853299378,234.16673187471,229.978219370838,225.837108611726,224.120413104583,224.843049356234,220.78965328953,223.936175311641,226.086853990904,227.71404496506,230.961314300259,227.930803599521
0,-14.3037544398463,-29.3885074654269,-46.1922123147398,-64.2804736778458,-78.8621288410624,-95.705513965212,-111.857438079185,-107.398432651722,-110.643489099348,-112.262632561628,-107.866371489921,-104.343769655709,-101.983740519053,-103.611561880261,-101.85417797693,-100.981909654001,-96.6564685287355,-92.9679434795009,-96.4300279589116,-93.4056198148578,-96.2646569997694,-95.4454332488985,-93.2732827943994,-95.2780487448346,-93.2404455545824,-96.563240043286,-97.9206056646951,-99.688180961942,-101.130215011225,-104.064230618417,-109.021070229651,-112.427267985445,-108.694852069975,-105.659500247961,-107.270383468949,-104.530822017631,-107.969053727317,-103.524411907156,-99.2556969982553,-101.858238655864,-105.936780170847,-109.747004423733,-113.448926970411,-108.370340036769,-103.053451032717,-105.985119388153,-104.617167077168,-107.273372316076,-111.130560833223,-107.266925523737,-108.378446655615,-110.783418038036,-109.265428869438,-115.785274436698,-115.244502912387,-120.298140716156,-118.225024458868,-117.598044925269,-121.07487756081,-116.828748226367,-118.391524293766,-113.845482845411,-116.936595196816,-119.761433976843,-122.591833444059,-127.925220314647,-123.738032285405,-119.406169558129,-116.938344326775,-120.019866429602,-114.56994702954,-109.867491310498,-106.665736415407,-111.191022402807,-109.757860304298,-112.446221963157,-111.037525182174,-112.651685683207,-111.901274020612,-110.093289735419,-107.626493104997,-109.886411934028,-106.376995251445,-107.008447857125,-106.616045319117,-109.738955071997,-124.232864594087,-126.917739230803,-122.482011983206,-119.209842897481,-120.705126216301,-118.561348805619,-116.917483473328,-114.533510304318,-119.763773970236,-123.186470610773,-120.86417883731,-118.23580721152,-115.641559907309
0,34.9442670091879,64.2712097101012,93.4574258497777,122.467504592672,149.314576149393,182.070898584136,211.725422755928,242.297733946045,276.147447736861,303.44795476441,330.47757559362,359.088081832322,391.185299906372,396.008074662369,400.834341536121,403.634260419467,401.693736419951,398.532763571721,400.90592668408,397.109121555451,397.577188066069,394.933900168955,392.858002249422,389.892693007863,392.576670780741,425.575951001983,454.98156588583,494.951961733375,528.610463644847,526.378778632806,531.138579030285,526.899333826615,521.046467708154,524.679971869878,526.463035839113,531.348540748393,531.595552310989,535.382864294621,540.302171109646,542.826023602007,536.901683232806,533.044376138106,533.827274494626,535.63068939312,531.663378176122,530.598244917262,534.475652421731,531.528258851655,532.353464464729,532.452302171192,528.548246165053,531.704116989333,535.511827174021,530.532047784803,532.742286665384,531.749677506572,532.675475265393,535.974522972329,535.963812734624,538.618534486495,537.319066412433,533.581621039994,528.488547613566,523.728592355912,520.197076969605,520.323362807116,522.342513026663,528.69544375275,525.131356869649,526.029469878808,530.300305576622,525.58866215054,524.396043203183,521.662616027783,525.0476152154,524.261402529464,517.620375629259,520.910760722011,514.150499012653,512.747668336085,513.975409559746,509.865111870439,505.614218456822,503.74066697745,506.094531198059,503.464964893334,506.670186709368,503.492384817898,506.638803366688,511.382157175227,515.419854310258,516.533139463702,512.940417035234,510.215570320949,508.458246177197,510.539817372711,509.000140925452,505.442303369936,508.909801870548
0,-9.5855665374997,-20.6464139098035,-29.7313298027532,-28.7648561749454,-25.8514299405843,-23.4828790819711,-30.444739571879,-39.298857655231,-49.1393777159714,-47.6398427044229,-51.364492633222,-53.4285880537272,-57.9086735828103,-59.5080257784905,-58.7643253978935,-55.5556225974624,-51.5580987960841,-52.9684830319649,-54.0257428341545,-56.605081463089,-51.5818501039759,-48.1999051990844,-45.4479220877372,-46.1548550589809,-49.416223172804,-45.809317834003,-52.1878080789052,-53.5625265747171,-58.4765121494259,-60.705541408732,-56.0751379660558,-59.9480805086719,-54.7441207129813,-49.9664596456212,-53.6680735225237,-51.242144910202,-51.900759906407,-52.1315309061671,-53.2469377946607,-52.9726196545781,-53.8322747898804,-50.4022450297068,-52.4729175714038,-55.2037268901943,-55.2334906606211,-50.2725398387116,-49.8850733491794,-46.4142762511481,-51.4077847841642,-50.3131161011104,-44.3112244417054,-42.7814257737176,-43.1686604888321,-43.0398452441307,-37.1628122031559,-39.274106739327,-37.6206476014124,-37.7261520833667,-34.006452971847,-31.1991154135677,-35.8075949307518,-35.0692377697966,-36.0076124324056,-36.9274195936451,-37.9528375716892,-41.7050060082587,-36.6298295324804,-36.6258538285343,-33.7074479323934,-36.8965097614918,-34.9745574035633,-39.3328157589525,-39.1754890142939,-33.5064544667303,-27.9105812547486,-27.0932484710126,-28.5158271500421,-24.6473070109317,-27.4063178408236,-24.106594646422,-18.0772735504899,-17.1352355893168,-12.6874144445738,-15.3990428418311,-12.6595719089586,-12.5847139171591,-9.14307113918449,-6.02203749104881,-6.49296972674403,-6.2137303033513,-11.8430056445839,-17.0616349551746,-18.5940032488916,-11.2702208698067,-11.6703191006338,-14.2516411503211,-13.7540333770443,-16.2401536692028,-13.5782654497832
0,-12.7355202133482,-24.9432931554701,-23.4080425736503,-20.8161581782874,-17.9059381626875,-13.8094105429874,-17.6570957864016,-20.9392338383944,-15.3769755126023,-12.4006714539885,-7.05839583113715,-10.3913174785319,-9.56557430321446,-10.3805521133545,-4.87160469939481,-6.39550358055234,-9.82838862110172,-3.55356839961571,-6.93427403631231,-10.3866280530546,-8.4029527776287,-6.58584171330706,-3.7420268316632,-2.58474528763588,-5.57992174257896,-2.7383193757159,-6.53713805101786,-12.6005361799704,-17.9316203836055,-13.2473976611008,-6.79677393721101,-2.02064022780471,1.71099005737283,3.55769834880363,5.77883298690373,8.01317341791612,8.62366759816081,12.3864168280797,9.38111347028895,9.70427191163634,2.75570287238629,-2.81918707702175,1.26641917949793,-3.43816690165256,-0.450372866984759,-2.29474580476456,0.00431110382423538,-3.43107972202843,-6.07872888684643,-5.67133526734405,-1.85863496622257,2.80635964821755,0.769660180829264,-5.32823790978797,-5.3584738528293,-10.3218123844696,-7.96408360533643,-3.66695976427073,-5.64146989081057,-0.478237321419682,-5.84120740774762,-6.75330620686107,-3.2033798841118,-5.66056479246015,0.214466024726137,5.52122628122054,11.4223589217382,13.2054382683014,19.2504705651274,20.1638392217156,18.1161304007084,19.8282414252064,15.6344360866286,13.7733633086395,-0.0891911445272431,-13.6601500592464,-25.1936751994454,-22.3852634594181,-25.1978538369686,-20.0425025406398,-16.8648256929753,-11.5465589591566,-7.66227601093786,-2.33419737992651,-3.58258676406848,2.87279427435532,1.3943472936937,0.181867144566961,-1.70415397949682,-3.24473596522458,2.3188548590454,0.271132492560368,1.03467160318014,8.04246995434367,4.25883862679239,0.796631925333972,5.48179166104818,-5.28956358790871,-20.104667300522
0,-20.4192801208261,-38.5561227573427,-57.2059261736684,-76.1878237839838,-97.719615084241,-101.962763224457,-106.13313731101,-106.287728153737,-103.535819345386,-108.93268152607,-103.323096785545,-104.893088594049,-106.301420107673,-111.675783047051,-114.898662527652,-114.360110315355,-114.860513220261,-114.622893338315,-110.375219440558,-109.258059712412,-104.596861516758,-106.788263696496,-106.616928627314,-110.635306404373,-106.162796447567,-106.201860763147,-103.208939793134,-108.687848706679,-112.604723680479,-111.576228591645,-114.695314509425,-110.523959218277,-110.29363640984,-114.767106681324,-118.149265786945,-114.362907322862,-115.093850200711,-113.287252863466,-132.972714747601,-158.871077599547,-184.335583133597,-204.491514118529,-201.108509693339,-195.424136478692,-199.382997035966,-198.41085795397,-196.378992484398,-200.706085714281,-203.75913088077,-198.104983806849,-202.32428914847,-202.961938824661,-196.881783993945,-199.36812479453,-198.626561143217,-203.506905567002,-207.210901906157,-209.872662927173,-214.434377118693,-230.993137573837,-248.34724549186,-269.195117347543,-288.255283417397,-303.680536997848,-315.083942565959,-333.94712137558,-351.193284696946,-350.21784509582,-354.510904528663,-356.810873771861,-355.470962607005,-351.084217482881,-351.67671614784,-356.359674797145,-351.062483156257,-353.540654864187,-346.087888530481,-343.685197043693,-339.508236442646,-336.086279307534,-338.956691945327,-334.708039722654,-336.561345869692,-334.830951272753,-336.025169590679,-337.440850060142,-338.368036987412,-341.288061192533,-344.514073886701,-345.960971272148,-346.427816738874,-350.708473044162,-346.499829964262,-345.680721480091,-345.288125380892,-342.624303226523,-346.346636248454,-347.917712922139,-344.464399771184
0,-9.5494248049621,-18.4436827005189,-29.9606751254249,-40.6533551428204,-44.6646126897404,-47.7845982064831,-54.9557591573368,-51.2396985636743,-43.8136744459233,-53.9980654632498,-66.9400464418977,-73.7986431853225,-83.872193503985,-86.9234156709799,-82.0677304857469,-83.7446413514439,-85.8476362438732,-89.8506696302069,-95.4487252642477,-93.5388618287922,-97.0821880189537,-93.3894097719226,-86.3432252322289,-81.3308333910643,-83.9035804650352,-80.5019673707565,-75.2061343533041,-74.1686214765231,-69.9012126678732,-74.5939988199978,-76.117671240606,-83.5915385294354,-77.4403327108304,-80.220056668084,-75.6952265935021,-72.2267034857478,-74.90623904465,-79.2417779166569,-85.0473983953182,-83.4970134233186,-78.8304323324333,-83.6326407570286,-89.2226280989971,-84.3465653423087,-85.277579138688,-90.4418601426188,-93.7358778981645,-92.8847744329599,-93.4460310384371,-95.2720475564256,-87.813904488217,-92.8948782180489,-95.6353076728151,-99.5785618117272,-97.4988484034618,-105.321170496312,-108.198297682069,-101.984650293867,-110.404643401468,-120.134971532354,-119.235899205741,-114.055764922534,-109.668891471617,-103.619868704137,-103.840888517159,-100.492230435109,-102.794468813152,-104.619657631043,-104.128580348231,-103.784653769492,-106.076807611056,-99.7276056767666,-94.7540701221556,-95.3449413752912,-91.7252709398389,-94.2576666102578,-96.1970796356738,-101.543355775514,-105.251666757931,-100.291524392991,-99.0755876146431,-97.1074411040875,-89.4504465051363,-82.7618161441951,-89.033561095398,-86.9117782687271,-88.2995741500378,-95.9503459157434,-96.4525337204826,-89.9513995684095,-88.9325492835788,-95.7930950947219,-92.2800172273645,-89.4284108501917,-94.1257384945427,-97.6876261491679,-91.2914663067125,-86.2388872518458,-88.6662535384943
0,3.7696334716955,-0.215005673055745,3.50613516336319,0.908917831309249,4.96343632033266,7.85209662613693,5.08608498794124,2.2289906269147,3.99053031383326,5.81806330485126,8.71780764719807,13.0599132818668,10.1542703774417,9.08124566707666,10.713259123292,12.3950699217789,17.4271986380188,16.1641402301109,20.6999456939483,19.5195879756415,18.3696766296534,14.8866395834199,16.1606219917906,16.1727252723713,14.8634843705766,16.3116646256997,14.8477373676147,14.7819825855125,15.5771353551631,14.4517860441994,18.2827841063471,22.0531156334306,18.5559174742762,18.6252474169779,20.2811068121273,19.1206417415553,21.2995029560586,25.6199887466491,23.3455539282566,27.3646810890012,29.922253902459,30.3738051605526,26.9504425856106,28.2730835554384,28.2754237841189,22.7349053698309,26.9704692160028,21.5509202367449,20.5536674769079,17.5795806085776,19.7657926687943,13.7205370003068,14.6146324380236,17.7709425821119,22.0069546352339,24.5378496528491,25.4162583244367,24.4864375863522,29.2073568533557,26.9245774843313,30.041267985531,32.8419073296273,31.35475891577,29.1784615106006,24.6692222157641,21.7029935128936,19.8742387437652,23.8411721678596,20.0297465876989,16.2528996016433,19.8474682337255,17.177365624983,13.3610390124056,8.97564184736993,13.6010431943931,10.9024046450133,14.684213440453,10.8742039733434,17.9169808208779,13.2751089667263,9.90167500575494,6.67041369310279,9.71781515099578,7.77894909022711,12.8214051496881,16.6605980532532,-2.32517313728228,-18.6061269322694,-35.1624330147788,-57.5604113285844,-79.0430359261612,-73.7355744552926,-70.2593565354326,-73.6875664633944,-70.6697402842548,-74.1704127544528,-74.835614380922,-72.2577102587826,-70.9496926797838
0,-2.56834725706185,-6.68947588060571,-9.5873064941357,-11.3257256574479,-16.0937440041521,-19.7559054102421,-15.8816721724535,-10.5363536527488,-13.2148164603862,-7.94373163783186,-8.15166614996476,-4.66090005739057,-7.47521229743205,-3.94367258496891,-3.68525964254933,-9.264085009402,-11.604468548396,-11.9914780287015,-13.0218267882898,-15.3795241871838,-16.9391295801263,-16.7824304858285,-19.8871293613667,-25.9980092350636,-27.995015962005,-31.5671852329621,-35.6355990051319,-38.8028515037107,-39.0578763673613,-36.1123893049141,-38.5981569372697,-43.7516781795177,-49.4193781640402,-49.9918737039633,-48.3658190067206,-49.0089879312242,-46.0900673946341,-43.2906659646205,-39.6028214060309,-36.3094229961115,-32.1791478061211,-37.8770195246558,-34.5871184769091,-40.152466054134,-36.3521799595228,-36.1581278693178,-31.2784571966767,-37.0562520195382,-40.9244041836708,-45.0337415609284,-45.0425572025348,-50.5967915101372,-48.3649022740428,-53.3166747843613,-58.2472393479897,-56.0883609381099,-58.9176502563866,-54.7080930870904,-58.596412140515,-61.7801539530167,-57.0316364242942,-62.1731847016047,-66.7506564825504,-72.4277953093862,-76.6387112700085,-78.071450528939,-80.12730174328,-75.0321890531279,-77.9773120954178,-73.0906127933554,-67.5550235655564,-61.3793886182419,-56.4756075770653,-60.4909014674724,-59.7955256445571,-57.7162058122191,-60.9764497027033,-58.711571260689,-61.0794260936398,-63.5505012904047,-64.5038738748332,-69.881370143729,-68.9219967294944,-74.7769808177183,-72.8909581128322,-73.0758959799306,-77.2281031120371,-80.2959318652149,-85.2684649068285,-80.9120594570189,-87.3810858905699,-86.4542134947134,-84.6480134294975,-81.0340772565881,-80.1904390105368,-79.2169295309509,-82.3468445467482,-87.6478099715692,-86.9708628681716
0,17.1892372005831,10.8230215238971,6.19632565957155,4.95158358985799,8.84999875963691,8.91062989319858,1.89923519394149,-0.555303874222322,-0.54880066904757,-5.14586294206542,-3.46031018501131,-2.45087081946331,-7.05255542429774,-11.0904813353653,-15.0471000388884,-10.589556718062,-15.8991356493804,-17.0855133952599,-22.3357806275803,-25.0552554403168,-26.1698753801987,-31.4909066492278,-32.9665151187628,-28.1165260072455,-29.6021395312628,-26.0306116527808,-30.0509350112497,-27.357002101412,-30.6091480947638,-24.3723693832001,-20.9360815672527,-24.69009682077,-24.6126077322967,-29.8332811518517,-31.4461730359677,-8.76394415369427,17.2283003003324,13.0166918582411,18.8790937134484,20.6365842382336,24.0964997542827,25.7052002045218,29.5855189542304,27.9337443242941,34.3297750322719,39.3827927241482,38.4415324558002,44.1246420912111,50.2323871960031,56.8751223739459,53.216629250363,53.0617247524394,57.5652411135391,55.0411593952834,61.5620124124307,64.3829887515477,60.8970483581866,63.338537007447,59.7238462080092,54.9729886274619,55.1281934589071,75.6765106127458,96.7135633515975,101.193648596113,100.5870147409,96.040633364569,99.3382883244906,98.0736820147357,98.0612091801416,94.0960218474486,96.0353279076674,90.4734080403276,87.310449616084,89.6388173014951,95.8524279492723,94.3967663431716,91.1955950921009,88.3021043687018,91.1144042797845,93.5966465464862,88.9277931676077,85.819903476046,85.6944579569447,80.1465782349841,79.117122205341,84.4964803984873,83.6227766350197,80.7918190176919,76.8265774037276,73.5209823072349,69.1229675300553,71.6512499202476,71.9256347100604,71.4162808427559,70.1138034399597,75.4188523808138,71.8239783239731,71.2203355011259,75.4302254698262
0,25.8645517621386,22.8197997829471,17.5475772695072,14.9574553299142,18.6750098427836,14.1595586404993,12.6156077054706,11.1159209263518,13.7767268867768,16.7548705091281,17.0676754319035,18.2346450393839,14.2932584055504,12.1075693678125,8.96043886209032,8.52899843873933,6.84610169927841,6.63949141328191,8.97891500946693,10.0128438556565,37.6774293802969,35.6910775522186,38.265485978612,41.2632584894888,45.2563743643115,42.9092410032113,45.9358795037486,46.7879326742972,74.2907547441103,78.1381207389749,79.9882496784685,79.6168299925883,78.0556813762127,79.8637497678914,77.2125505868893,82.8824324460094,81.461904953748,84.3908020790949,80.175937078613,79.6903623890447,76.6342655549467,81.2690988844566,84.7569576427723,87.6276478753439,83.1025119955831,83.7166316262254,85.651390054667,86.3612089843387,85.5436118195418,82.4680420728074,81.4753503248562,88.6059757950694,83.8499149480284,79.810270923455,76.610206828214,76.9542998971851,75.6234870532302,79.4339496441249,74.9590082823309,72.7035324612848,71.5515762411202,74.8355024343205,73.5847137763331,71.7404742610852,68.0186335069671,63.3208621506026,69.2161571045613,66.1089622952022,63.6616799481596,59.1147611440232,62.0289096905189,66.5858988891489,66.2717570368551,71.6545075688993,70.428174513694,71.2065536250674,71.8460310846413,68.2051806109349,71.3085787598707,68.1739935503711,71.5660664875383,71.9286928370433,68.6167466152655,69.1052383937423,71.5138463424436,68.245970479772,68.4120155024222,65.6034307466271,60.982673925347,62.4038736588704,66.9710679187779,70.3159406903864,68.2795198557035,72.5332975098735,69.1719727985884,70.4896543964766,66.1164243922755,64.2100827001436,66.8525725129265
0,-24.6163198634445,-49.6858276529984,-68.2785866764525,-70.1096131317116,-77.5271420314143,-72.5651121099283,-76.9036299168381,-71.9827318046792,-66.7314437599946,-73.3255567201295,-77.9457304505684,-72.2488809143785,-67.9828356536286,-73.1204342556578,-67.9820473686896,-63.7189711241996,-65.6592289534356,-68.4967843481806,-64.7457562370319,-68.7117966033784,-63.6325766168006,-65.409212395183,-61.2104114509886,-66.1116557643338,-66.5259697997323,-61.0879361209506,-56.8329296619795,-51.7280226934339,-49.5629727773491,-47.119844453201,-50.8293263511543,-47.9180629048864,-52.6511797194639,-57.2053760402779,-53.1674958371854,-56.7775593068578,-62.1423808460637,-60.6639341858138,-59.918576209889,-65.6780822963276,-69.02671906785,-74.2797001020614,-78.8486198569739,-83.9205139558512,-81.7732781064386,-78.9153459023943,-84.2402107383818,-90.5200326974941,-97.0413750797717,-99.2870791369514,-99.8229977156278,-99.3116688609244,-102.570838638118,-99.3395319473399,-105.061160307572,-109.429863040486,-111.090848855512,-107.160232616215,-105.203590723928,-102.366600272508,-98.6973358506588,-104.423545354884,-104.321992530816,-103.499071684651,-107.322949773833,-105.197347455375,-106.866826998276,-107.115030248025,-108.683662796423,-103.994529857873,-99.428769215041,-97.6074171307734,-92.5949669451838,-99.5396902618126,-99.3448757042906,-98.8614258219192,-94.7087592259068,-92.1296089826991,-95.3100766460575,-97.1527103592932,-97.6810430511021,-98.9805406845927,-101.812801446113,-107.546841035299,-112.367603083725,-116.558147362012,-114.306624402379,-118.949232006381,-122.641663115117,-127.836176324088,-133.998901797651,-127.327095246805,-132.360218491086,-136.243341155558,-164.740460875183,-178.164507157508,-191.235092524189,-214.854795904642,-213.283955993383
0,23.3729186516157,22.5854949507745,19.2045662150811,15.629573981659,18.467667933032,21.4502917463443,23.8751279272524,26.7056415039639,22.8597406787722,24.9736250383419,27.9468319168088,30.0575617494176,25.8793788683425,23.0079396148664,20.3997791615242,23.2821081279038,21.7558083797132,23.9177593901968,25.1083891627415,20.803801551718,16.9276540546326,14.780018322948,12.9751791696855,16.4998897589559,18.815159633844,17.6746338516704,14.8602162166168,11.954013279557,6.80122054094045,3.62110071164741,1.41253670998729,0.325419016637011,2.29139444431807,-1.02682517792939,0.562834874559203,4.85714366402762,7.44951003839988,5.52461348893625,3.6545632637679,5.4338964174861,7.87463915331481,14.5222809543612,18.6290017554177,18.9493193498621,14.6181829588213,18.1893420164858,20.2153856794902,15.7721573613542,17.6486975790833,16.1764506388802,17.7851898648077,15.8712284305623,19.3070674358514,22.4485290388587,40.3840531015534,67.4812260096478,87.381860405671,109.101954471496,126.424529099712,146.654148132361,150.096058188416,144.584583798646,141.228428654936,144.471707431691,147.648939728464,152.030587974216,152.062201061639,152.725442902415,148.798033755077,144.476587308314,146.475174530524,142.746359560654,143.53500207027,145.7624160654,146.63882229944,149.638388610128,152.984022208843,152.720487946202,155.326295288364,153.482725389641,154.746556008922,157.519209149564,157.316228186815,152.407405435697,152.249785749458,152.19107873082,151.056055014373,149.546555702012,148.319662629722,143.924035322388,147.37881556767,152.285932983259,154.635532704439,151.31559123263,153.913502041668,153.291638063566,154.856850685099,150.30339398147,146.269970827017
0,-6.37054871739648,-15.656505743275,-26.4841048802219,-33.5301136514915,-29.9638085522009,-25.9825325844249,-26.3315032236532,-31.974420375033,-27.3981372676535,-23.3344641257578,-19.2712210249389,-22.0355517184627,-18.6542755969399,-17.1899601038573,-18.5553482642117,-20.3726557971001,-17.9256782950785,-17.0935344838281,-23.0467486473433,-33.0568476762109,-28.2195685937331,-27.2988714595938,-33.8701310385401,-33.4235691703879,-28.7322827584034,-33.1364323661506,-29.5111473264172,-32.249902344765,-29.1695206106336,-31.0912021403226,-24.1954244905778,-27.3055826092943,-31.3421198182081,-34.6564012902989,-32.6099016414257,-31.8166793834162,-29.5458748691329,-33.7248240596724,-30.7584766438604,-42.6352023062312,-52.3758183884685,-59.4183811220185,-69.556156981584,-76.4188989961586,-82.01312094959,-87.9228402307417,-100.570098034356,-108.125568011804,-117.806420883933,-124.602138307678,-134.628015725821,-142.845841874878,-148.853477464653,-157.748652120158,-167.463733449042,-173.337242298149,-180.402196630269,-186.450710165982,-190.811565573144,-192.188041172274,-198.988271854519,-204.750172897512,-204.873086426715,-207.681244535305,-203.675401003067,-206.51046413428,-210.70446295599,-206.118439613706,-212.061062998342,-209.132476782404,-213.80078915998,-212.736028015233,-212.582989007995,-208.031054197067,-213.140896986461,-219.767273383893,-226.832604245518,-232.865091345915,-239.327331188169,-248.092904702243,-244.650420631748,-245.920252421428,-251.167877262262,-246.722120346792,-243.150947986482,-248.88592489032,-245.578025727705,-256.108240948651,-264.907622708901,-277.904498530313,-288.377761690337,-295.220423729029,-296.466824240167,-296.873459770322,-296.83330780392,-300.552334378156,-301.794010240333,-302.539498173477,-298.910326539333
0,-20.8206780634454,-19.1082698516885,-16.8507249637037,-14.6199836357858,-16.2741704882811,-17.7561095967492,-17.767072899787,-21.8579162851574,-24.5428903554959,-26.3370016022534,-23.795911583824,-20.1388943033677,-21.5463455184764,-16.5958522896435,-12.9732755748486,-9.88588201987057,-8.52874180612879,-5.95641921419066,-9.7724102886162,-10.1100819138323,-15.3647639941247,-16.8277672835948,-14.7936917011328,-13.0715680910041,-11.883130024592,-15.0628668695096,-16.9153149149425,-13.1428621656689,-16.9290208654775,-18.7612169483475,-16.1773450577426,-13.8247561030324,-12.9949746563608,-17.4905197576092,-12.8275602397826,-17.3165836310049,-22.7906481028205,-23.0530366463614,-25.5691748185418,-29.1271186796646,-35.1263143021203,-39.0444274281294,-37.5073664920947,-37.0935089549758,-38.3818686544086,-34.0496315653132,-31.3885462067937,-50.7153202074791,-68.8362800804544,-84.1195205963025,-100.558731735642,-117.44840547899,-134.272664184136,-130.18417499282,-132.440723120755,-131.133952393241,-128.621646477052,-131.924674544866,-131.924411155932,-133.952609681176,-130.122754786492,-126.322058261548,-124.192387307359,-118.739099012796,-114.633050388328,-121.144584149119,-120.374113476537,-123.071747479062,-119.554324772615,-123.804405238641,-122.426493625098,-123.23851301612,-126.778455607772,-124.084864899167,-126.415076566733,-123.739538428617,-124.929558959128,-121.388785472527,-123.79960049826,-121.140464958201,-120.92449428953,-120.43153545449,-117.437779176155,-113.806069700416,-115.325619564909,-117.798902168114,-116.995782897054,-118.47526968127,-115.369052848743,-111.843945560931,-113.255069375713,-130.075994481847,-126.238664789931,-126.608206833829,-123.93131760067,-117.178709583,-120.954856151136,-119.165285286489,-119.18862859315
0,-4.67999424604108,-7.1822723363067,-8.11877417025264,-12.0607445284091,-17.5002690810623,-21.6187591536342,-23.1521780808627,-26.0913601311168,-30.9584845282197,-36.7260672566881,-28.5237877020615,-24.9244428198739,-19.307099545137,-22.8545590725685,-20.5818424639251,-23.0488028671053,-25.6853668685284,-21.2171414108322,-19.8237153967923,-16.1856817001095,-21.3513327759914,-24.7772690070153,-28.2749632062592,-23.9318769247652,-26.0974983133901,-21.9347492678629,-16.6533174023176,-21.9881515319221,-23.5827846781025,-28.0244492771625,-28.7116363915058,-24.1062087557593,-25.8170578649242,-22.6942873634543,-16.98038725475,-16.6100456524605,-20.7448315669622,-15.6868010883689,-20.4677817097453,-15.9807090900427,-20.0102055710452,-17.3779474606895,-21.9042796565723,-23.4387516216404,-28.9584212001403,-35.3591507982446,-41.1730917508595,-45.698420964127,-44.4135646771057,-39.2580298130516,-44.8985323805558,-46.5932686104882,-50.0657876599763,-46.9388991778868,-51.2310876731075,-53.9525302733793,-55.7665975492804,-60.4458906946676,-62.9136206371196,-62.4398170091687,-67.2776963955765,-69.2240639862719,-63.47821141088,-69.5740389914711,-73.0017284158893,-66.6157552671443,-68.7570502315752,-75.3904543472815,-78.8825145591683,-75.232466228344,-81.2273520486715,-75.4913749924591,-70.6048129934006,-63.94312740078,-59.7607147493123,-59.1408687309977,-58.0964178803295,-63.8790199015961,-59.3911245420281,-62.7348899985581,-62.0977215915439,-68.0677971241416,-65.8690477714178,-62.7435500432249,-58.3324043938368,-64.0362353756969,-66.1108905697844,-66.3483153399062,-62.2040138962701,-65.0007648051832,-67.7460691267968,-72.6483855007126,-74.9924924352094,-71.040300381642,-66.6744665664011,-73.1771227869929,-75.9691628140294,-71.6629249350781,-76.0705307014978
0,3.62064365887994,9.48889341569075,14.131107014602,21.7454860827775,27.6153947247786,37.2978199985254,31.0342579185841,29.4959741908775,30.5531933918562,31.2064557891044,27.307953738675,21.6980328438443,25.5251349014897,31.6123277291037,28.2057893182752,23.4134461527846,17.2918832788593,18.1621139908385,19.6561743847543,15.7817755144534,8.68250621148886,2.72004083444692,-3.59376682070424,-8.93431590824282,-5.6350550035911,-4.59145874958217,-7.65364012104042,-3.33746767789571,1.69242921800294,5.34484539579611,7.34984797211247,4.04066225849871,0.287984323228052,-2.44342907329435,3.19101922446226,7.4851023832203,14.2074316040462,20.0877144580322,15.2646264434861,18.965030424356,15.4192686858221,11.037502891537,6.51951029450086,1.45830193841755,7.38057718812391,2.36034676664191,-1.9299917329965,-2.21256010658474,-4.37195561632998,1.36582049472113,-1.25456378357995,-2.24623186655311,-5.76610931120048,-10.5056093564088,-10.2781521541486,-16.0382340842694,-16.0727205460233,-21.1710242517498,-28.7887512758785,-27.9208118040727,-27.2930484488367,-33.18530480462,-30.4289700970512,-26.0098977610282,-30.0758893272636,-32.7071147477454,-30.9298756362594,-28.0981848867548,-28.2877522353317,-29.5668632879078,-30.4468639535986,-26.4969982307294,-21.628864216627,-17.0547624328507,-20.8475115649709,-14.146261622231,-18.4404564502292,-13.3112288544612,-18.5106134797494,-16.7769851081759,-17.4038420686618,-12.7719229455705,-8.60351262852922,-12.3315703293483,-9.35445970375334,-5.48466498967271,-9.51503411233687,-13.8505709448093,-14.2300859801349,-7.24122822668928,-12.6456282452852,-7.53138859681373,-2.79271318021606,-9.16610222060536,-6.94454827843982,-7.16754154908331,-10.678828502791,-4.20677161861328,0.018305385348282
0,0.631608437543497,-3.80388517388623,-7.6320055405984,-7.24834486948728,-2.150912273035,1.86203346021563,4.70627004489775,9.89290642057285,4.4743083429658,0.726413414793686,-2.1970677094069,-2.12141284690632,-7.53174005702416,-6.03284971666857,-0.223630368385642,2.48683485111382,-2.27788218006973,1.8240487086428,-2.29318923665331,-3.55299881502981,2.14176248343852,2.4487972186088,2.35684602274641,2.66287056758014,0.852103008759985,4.25263067157411,6.40841771702858,6.24689058127185,9.51178867013956,4.45741986342162,9.67197297560262,10.6248091178078,13.5163975498678,16.6936955142362,15.4429496359718,11.2343294420216,11.8880161366472,13.3936183825899,7.25664643462062,10.7360135160049,16.2359154200007,14.4145974198125,8.44965397435463,4.69994134807511,8.09360286658345,5.45848410453401,1.91049800083564,-1.34757225749338,-1.0747001466233,-4.76943858870482,-5.94743287192531,-1.04365613128256,-1.1780535006374,3.69713986495043,7.025306514988,4.7158405348181,-1.86067253466832,4.02224305846137,-2.60588304714843,-2.75864586390368,1.73962766428391,3.26767822427094,-2.44121597527688,2.60081741545467,1.39757952634277,4.79974785968789,0.450953344968105,-0.391807466359335,-5.76697169361256,-10.3245131501118,-13.2805602519865,-7.08370777661119,-8.40930502551361,-3.8545127279515,0.568026283976947,-3.16066596945351,-7.46584531565792,-1.16661818992839,5.26688884911552,-0.198805130268285,4.1085795664341,3.310119819555,0.294725943290451,1.8409588544086,-1.75907551618243,-3.97764263322479,-6.59509865729066,-12.0601712279006,-15.879684134979,-19.8057441822694,-24.4807831176388,-28.2810828242474,-32.5291629898599,-25.9785238787572,-30.2160343578149,-26.5622023337132,-21.6198893426749,-19.6443976804077,-14.1759699104634
0,-6.9737137498976,-16.0087814797615,-19.8683622549204,-19.0349707000697,-22.2611539083822,-18.3536217045145,-13.5374135411468,-12.829099401423,-11.5767163702295,-10.0383199238712,-8.73152966163375,-13.239101686266,-14.2517230622755,-11.9108915986588,-8.48940163224227,-4.68146713626908,-7.05485436728273,-3.45920406105064,-2.42215312002665,2.9594904520658,3.24731755101338,4.01890746861709,3.45826749033637,3.37924665176655,-2.78895452660168,-5.5114883814646,-6.04286937339839,-1.23920263717979,-6.25687625012607,-1.9995999951172,-2.21050834971442,-4.54114497732606,-6.90458861145307,-10.3580857725074,-8.12406094837514,-5.93791524174051,-2.17816322169383,-2.41433962499082,-8.17945842245339,-8.15032715571865,-4.2330646085669,-10.7292999438978,-10.2209585506534,-11.7935528953964,-6.1412587997865,-7.11134680883771,-1.42695436168986,-5.21945447331541,-2.0526178820459,-6.27155602269464,-10.9421062279652,-5.54767458595922,-1.2022922337375,-3.72494434933905,-8.08679678256732,-6.22351750262664,-4.35414676440361,-1.24084096843833,3.07210688019789,-1.44412805853601,-5.30388518494007,-6.93805100042247,-7.22468186272951,-3.76656486046471,-0.0789286711400083,-3.52636542203555,-2.71663688848694,0.309498372631283,-4.49720216276913,-10.2168777758213,-8.60890333629521,-15.0241155285738,-18.076557271116,-22.5068438325537,-19.9406150934394,-25.226657603233,-20.1898080384132,-17.8027039075901,-15.2805307477525,-10.825015219814,-14.3319272364049,-16.214601444706,-20.5780992880805,-24.4931027713547,-24.4018105613062,-23.1537965845674,-23.1139746980746,-27.6950393605356,-25.4705919713445,-26.9920137170397,-31.0692417277788,-36.652125181306,-38.7457620120035,-37.628164353694,-39.6109098879658,-41.4991077499336,-41.3497258848694,-38.2412301822158,-36.6823845513389
0,16.1306576313468,39.1558512225369,40.0048521104941,43.4732639461367,41.7547718486461,43.4734857898914,48.5845506974547,47.5962747416996,52.2904286460897,52.6957102848814,52.7530696125266,50.351632331658,54.7769911776389,51.0982889193655,53.336660937045,48.0389905574809,48.2984553166471,50.2173095908094,53.2432054863705,51.1267966486959,47.8226000050892,42.7051978561043,45.9212020618699,43.2438831749769,45.9981123580865,46.1802788177051,48.4425414271759,49.8435029732135,51.0897654857552,47.0837709048799,49.340827126785,47.4980032150214,44.3333871536656,47.736482449572,43.8371434515289,47.2016492386683,52.7392679250318,55.9413975277923,52.095217268556,49.8244531543394,55.2067185862899,52.7250125822963,49.3956762505682,46.2546781471364,41.0528927151498,44.7655248312947,41.640513624096,44.9625147436618,39.7902070933689,34.4198087446117,38.8358689564156,39.9990920877556,38.6922210398607,33.8286861290518,35.5218127965382,34.569449239093,33.7874186091956,36.1081272344089,30.3183635487829,28.7057646566118,32.2542127188794,27.3965650290854,22.4068330771605,21.298635089828,18.2336428540324,22.5678644422742,20.2284639764913,17.3306244715992,17.4558099695988,21.2075596304116,21.6885324695114,17.4340362499422,13.5811223329261,8.85004785987374,12.9102182547654,33.7137680479564,66.8045097348922,64.5543980591843,60.2637354801103,59.7832858946634,64.8621448712957,66.7425434917528,66.092863912065,66.6500187161288,68.385441670956,72.5216774805232,78.4426902706552,81.1217280914988,80.5513729353791,81.5812690545402,78.8637055911322,82.7553317298866,88.1907784199583,91.3272122619206,87.9078505656765,92.3773411366838,89.6136560936217,92.1517912517054,94.6245195663694
0,22.6126995034353,25.8804512431747,27.813127570544,33.6189095175539,27.9195605148712,22.3008306350695,16.4857312971103,23.1061334761879,17.4609626138458,16.4517521507646,12.1769431504728,10.7604976551445,6.96378615398833,4.91748670592611,2.11504923459148,7.08792878627938,8.59322127350918,14.9271129913737,9.27114429708874,12.8489513485938,7.19458338173846,8.70304598982456,3.2675463371208,-0.665662570720675,4.92672404913654,8.40606422375418,14.6258245227106,19.7275954920581,24.8283447318855,30.3613908776387,29.356703746076,26.360254983959,27.1025960607872,30.749517261981,36.7840521837351,32.0971554978352,27.4470816459402,21.3556192581348,17.1256173911789,12.4206475596096,7.70428227134394,8.49354212206012,4.36778049411445,4.68981834141251,-1.26892556866042,-6.14380447317799,-11.9438728233635,-6.89937805949675,-1.58417515026412,-7.57749690188945,-2.96022563527231,-5.60705743868567,-6.55387233166557,-4.22884338814153,-11.3467372891582,-13.888486932419,-18.0971434818974,-16.8563662372706,-24.5218716440144,-22.1436814162532,-26.8699589655519,-30.0645141375226,-32.3023949476427,-32.9507823903441,-35.1376984134865,-41.1028939612311,-42.4517211330745,-47.7846698551692,-42.2821880034134,-48.4201713151888,-49.0476688741432,-54.0006049428459,-49.2382950598062,-48.7490528452664,-48.5313063435326,-48.8888497235224,-51.6804439546136,-57.9005690971214,-63.5956321345623,-66.2395027550969,-66.7102546865665,-60.4853212891006,-56.4745222837428,-54.5994553020393,-59.3804520502883,-53.6881931769056,-48.4458002010879,-50.1553102949952,-50.2367645370623,-44.3663632817634,-43.0698962053264,-46.6305781475027,-51.6267076268814,-45.5518990889104,-45.8245935703693,-41.0023760491868,-36.9480154990437,-40.5618070371837,-43.4026516214027
0,9.09713473895849,17.2977579733446,24.803250471595,20.2709123104202,25.9887091959704,23.9277907203037,25.357347131705,22.2257737149944,24.1605742742975,21.2486348623482,26.9871072475999,25.5617766444847,25.8617024824186,23.9802101618345,18.6149705974982,18.7848352388469,27.7392263787928,31.016910757185,36.9192535327964,40.7877008593001,39.7142940853336,43.4335732003482,46.7519073929725,49.5778970960233,54.0348682913813,57.1960695780074,59.6257405462669,60.4932886829396,62.5809693594258,59.9728889437768,58.1772337020639,63.7195232266977,60.7597296696467,59.9393460434259,64.0323849153803,59.6825152222918,57.2101800844835,53.6822115403398,55.8177026008349,52.6993553455812,54.6272495609082,59.117082589329,58.7468534802643,59.2861296986371,61.5719993673992,65.1687631622471,68.0425588338988,75.7133821652767,70.8229539071524,68.8177215810989,62.4948005939332,64.6235715758891,61.2896113922621,65.1879343179808,61.23033603809,57.9213529019128,52.2235429719827,48.2500799933015,53.3588898815576,51.4593613624257,56.465047903254,63.0337585906536,67.2308012700005,72.1833996029748,76.6497791701932,69.6646646445402,67.0093617043013,62.4144349010283,64.7825720394491,70.1852188791849,70.5259236334093,73.3221249562425,72.8384113088159,72.3794348052505,75.9248902214024,73.1655620752789,67.9083602684794,64.3552462011918,69.7218162158026,63.1068702083597,60.8734321433974,59.4472649404188,58.9417112526715,59.9236902962375,59.0604175047804,58.5452779030102,55.6434062732787,58.1697132529643,57.0191693985806,59.7481600941851,56.0115555174856,60.1163790520132,53.806052837144,52.9738031124108,49.5593436644466,47.6443631609097,51.7242795887614,56.5472655396441,60.0846462470988
0,-12.557123276978,-28.6983024042677,-43.9149373849925,-38.7923913231749,-43.1237248647896,-40.9359455355819,-41.5467206701881,-45.7737800182452,-49.3854680690765,-45.4632054916261,-48.1495214004672,-45.1200985670628,-44.4011776236527,-48.4279366718777,-43.4781548400417,-45.9351894509387,-50.9344761355276,-57.1639351094332,-58.7357100736938,-54.684944781222,-57.0791750097691,-54.1302640195135,-55.6874399687249,-58.9264140107948,-60.7422592440974,-57.2655086746889,-58.1867593050706,-53.7352272113884,-57.4390490123704,-55.6755826561148,-59.273893621421,-62.279151758434,-58.0567861261609,-57.7718873962104,-57.899169499635,-62.5259680457487,-64.6833304309764,-63.2593467008108,-68.340308005851,-71.1508677679599,-73.3961526591603,-70.4150974969359,-65.4340328208628,-62.7705711885986,-67.7307650785026,-71.7251442563716,-69.0465775559073,-69.269821639576,-65.5395847181538,-69.9655345914875,-74.0047463739782,-79.0783949633538,-76.4952034942586,-73.7350117266058,-76.9280199795201,-72.7756183491493,-76.3299026050216,-71.29114537218,-68.4283969136689,-62.7184723863541,-68.1443321574364,-63.1816023646415,-66.6635263013295,-64.4807880387587,-59.4223663277087,-59.2108054879426,-57.9372264957039,-54.4387668324266,-55.8739502710954,-57.7573423008302,-54.2565612047406,-50.8323553924689,-50.5181611107817,-54.9916106084753,-49.7318715612408,-46.6473043254894,-43.3704933252645,-57.607746018155,-54.9182700281212,-53.7860003309935,-50.0256757198566,-46.6214249765032,-48.097851312578,-52.5308470284577,-50.4337792362594,-45.7720028605128,-43.9367492405649,-46.8638494622271,-42.4493023749059,-44.5996490413267,-42.3967493700425,-43.1486569968929,-37.8077747212569,-34.9482240627706,-40.1351050470341,-39.7972950202508,-36.7276960607883,-42.7171075497958,-47.476260810522
0,-13.6281850422619,-28.2555502782916,-43.6307149917646,-39.6173319522217,-36.5649601218645,-31.9778132732322,-29.587925188419,-35.7334606403237,-30.4071736876651,-26.7307884036401,-30.2011689513826,-33.4854092946167,-32.6921953323523,-29.0635505904388,-32.0432071737379,-27.4092509173122,-31.0870284484893,-27.5917317650702,-29.4943865290302,-32.5736251240431,-36.9777125000792,-31.9076073278024,-33.1775910217512,-34.4291666646812,-36.6674526639601,-41.7301337485802,-39.3683261580592,-34.6238190331044,-39.7010102711859,-35.5742245372169,-32.0687162033822,-32.4472703839599,-31.0651489247509,-27.2501428294361,-26.2496842593226,-20.6062893595555,-22.5846056704665,-20.6678605461514,-24.1295294838994,-21.4977950540283,-21.4318631688153,-26.1706779763651,-22.1049527695014,-25.2120443329566,-24.6568148431784,-21.5716995947066,-27.999495419867,-29.9413321136207,-34.562657289955,-32.2407767665143,-30.0238396592981,-32.9533113866424,-31.872224763635,-29.1828944036116,-28.4870028455961,-35.0258313521744,-40.6423650434041,-46.4601841303557,-52.0644617541751,-52.2834982768951,-49.3099412827078,-54.0559155019755,-53.9371439579671,-57.9447907686108,-54.4060461626866,-55.1459321356073,-60.9843011980305,-75.4996502855659,-77.2019278752145,-81.484805293365,-83.8711503330574,-80.0851722982546,-79.4164587223221,-83.7106449739143,-88.2042995019348,-92.33909136116,-90.3729616194811,-94.0501333334824,-105.861264062762,-111.322940041939,-107.22287555322,-106.526632975443,-112.303749261595,-111.148842135415,-106.432716503662,-109.096421633423,-110.739690712578,-107.662715265801,-109.460931176956,-104.691932279367,-102.588973200433,-105.139690803179,-101.924454458737,-99.6964988932203,-96.9403348606626,-102.294497558936,-107.875421361029,-106.643390328834,-102.979444091459
0,-17.0447231777347,-37.5657657038966,-40.3937865266774,-44.2445346518283,-39.7070211113453,-41.5106058636798,-39.5671736015187,-39.8419418337168,-35.3644459324867,-34.167046805862,-30.8400621941753,-32.4893994425387,-30.2847160905932,-25.6277558078816,-24.976033439966,-27.9461546543859,-30.3795989905552,-34.406694144186,-35.077544547029,-37.5865507229153,-34.272001707236,-35.7569958692374,-39.156723668603,-43.4554401369809,-38.8539894383062,-40.4988090276832,-43.9667474013502,-45.9944149147664,-49.8419812656364,-45.5773426818849,-42.7072952479206,-42.0774469966118,-37.7206031649922,-33.3151271905603,-36.8814163575351,-37.5611364949364,-40.2401217871679,-35.1614306926532,-33.9905123835829,-33.3778323883129,-35.6869208825951,-33.1386586879646,-32.0485692781902,-29.4259536605118,-24.8648083407094,-20.835259808968,-24.7757863802004,-23.5717662822455,-24.2046490948054,-19.6026503578466,-15.5852687961817,-13.785933563442,-9.89262581646428,-7.13114386474212,-7.99116692277511,-7.03006120809168,-4.82493882467666,-6.21735932643604,-5.01041957614732,-6.6243469480284,-2.25957580199004,1.80274445348524,0.578801522903287,-3.57291208673627,0.0232316581316048,-0.28747517197108,-1.44786436854171,2.56350172734236,3.05113172062168,-1.43637187601241,-5.05246689550799,-7.1256265983159,-11.7530129565129,-10.9516868664985,-7.89290937688533,-12.3417001456633,-9.66296275814761,-12.7143528915487,-15.9030315114474,-12.598813070026,-16.3615513859855,-12.2233888385969,-13.9325766827324,-10.2940395745683,-8.16547438554876,-9.34903037219078,-10.3900260545337,-5.76571661734143,-2.67469328056576,1.91187863862843,1.69764228666209,-4.08480199922768,-5.51017164923892,-6.08371655019619,-9.56744992673088,-12.1777985455852,-10.3505075056006,-13.5085146517786,-12.6533483164584
0,-9.11212807422782,-21.9796288031092,-24.9218328936572,-27.1021296823935,-31.222115524067,-32.8215861557985,-33.1399430265684,-30.204976219984,-26.4341779481776,-22.3124215497893,-25.7262857188865,-21.950724338074,-26.3559926795683,-29.8450878487849,-32.5308700573854,-36.4403882804332,-33.4045810536385,-29.7022344825219,-32.9017848223006,-36.7948692032262,-34.5764217692714,-32.9820890971582,-37.3372802774467,-42.392340324512,-38.7495971457054,-43.2654727615032,-39.1356898214394,-40.6816201876902,-44.9709420146316,-41.1288130951292,-38.7290714286488,-42.9010252541095,-46.5821173536752,-40.4667767350094,-38.8299748749998,-41.5771835433057,-46.6047983449883,-48.8707214009274,-42.7294343356662,-45.067441089328,-47.4012271732653,-50.449103475327,-53.1378821924084,-50.6418719425581,-47.9674358525748,-49.9723771807467,-51.606401468468,-54.5726085423122,-49.1148620890483,-54.0832837336007,-53.7835701778254,-50.3079057050818,-51.5633449214311,-51.2196970927664,-50.7978890083243,-54.5930040785559,-57.5259283143015,-59.6204376272848,-55.9308967885484,-59.7692604919005,-56.060135582154,-61.2157910703413,-63.1249517230631,-64.5813237115214,-68.1624316607663,-63.6998295784408,-65.4704931196758,-68.661805635859,-67.7050335753693,-63.4153410536026,-63.1222734447449,-66.9321522699568,-63.4893800854959,-58.6409788366594,-63.180956688995,-64.8414745954277,-60.8237953297836,-56.9099039807606,-54.9347930359766,-52.2696718023353,-46.6987366138512,-51.1712014553802,-54.9363683051638,-52.2079478993662,-47.7541338258916,-45.6366229895637,-40.2916744998849,-43.4063357710808,-45.1883928664136,-45.3768848415189,-48.9981875304879,-53.1078206082817,-53.9799409295788,-58.1794579471984,-63.1955044295937,-58.3630161902973,-55.627391353858,-57.8537894655372,-56.1001720498951
0,-12.5010106895355,-36.8874005466714,-55.80354310906,-60.7794646638593,-55.821128421527,-59.615681368859,-60.6347106165498,-57.438853111419,-59.127669157295,-61.6300806821031,-66.4753131943648,-67.932225371738,-71.446629172125,-74.7555178638207,-72.7904832908053,-73.8090094619485,-73.3656314362419,-71.8862503427713,-64.7465785688815,-60.5644374690902,-57.210783532596,-62.1635994577578,-63.1106039927641,-60.5397938626357,-56.1449240270637,-52.3947959397903,-47.5281786840183,-48.8642666732729,-48.6245000025078,-50.6789872321031,-52.9104169951436,-49.343703221223,-53.0381807962126,-56.4042967961034,-56.2973317026692,-58.1838107098021,-55.1203282703861,-56.6626319169052,-53.3276764650688,-49.0522642046586,-43.5351025712358,-48.2598977936735,-48.7685973576365,-49.9270180008653,-44.829476082346,-47.8521834852214,-48.4110221150002,-49.0438993594725,-44.9992724393555,-49.621305839902,-51.6224457476414,-48.0777188873341,-45.8054356420057,-43.0324959056888,-38.1469258705295,-34.6156698891895,-34.4654159989183,-38.5048108795692,-39.6752154932193,-36.4869254727612,-32.7625530504077,-35.8440134407386,-32.4801429827683,-32.9351483984963,-32.1941501533753,-35.1730301000691,-34.8844666383879,-36.1835436727383,-33.7468669048523,-29.6902798468317,-28.6528595653632,-25.9246537161944,-22.4350221653904,-21.9048724715894,-20.9159372366547,-17.2671927744866,-15.2483423311802,-18.9128437403383,-14.6900145218841,-11.4499065866228,-12.1982055882806,-9.17884809760326,-4.5981611518036,-7.97418664058443,-11.9814973712202,-14.5018201315118,-9.11891653374471,-10.5403732832871,-11.1186741689318,-6.99796847094116,-10.5620841098792,-14.1807156196136,-16.0248656816378,-12.3949574219945,-8.95331515585679,-9.89787839742471,-13.9450601979115,-9.60853794696367,-12.8579605521503
0,-11.0054551323537,-21.8112808253569,-23.9133149977556,-27.488011651091,-22.8728752496735,-17.7579715029929,-13.3731638342466,-18.988306221674,-17.9753954368322,-22.1629999773281,-18.1747776994674,-24.1607824137191,-26.7508357264572,-25.6329518366312,-22.5496943411132,-23.0541689204797,-22.161653531038,-28.4692775478298,-29.6593653944655,-33.3438001974692,-35.4807477364797,-39.5253995544408,-36.162797315609,-34.7074906584658,-36.217935137104,-32.294752177717,-32.7638897739262,-39.7285304686485,-43.1662354973484,-49.0544794699858,-49.2416727817224,-54.414504638109,-60.5281739119827,-55.0242987682432,-60.8006925810494,-58.6845049822382,-55.393655392491,-58.0611494707399,-55.8567505171182,-52.9011209539431,-58.4038430568935,-60.6788158093161,-61.487163296975,-58.8478887072724,-65.6126513810041,-68.9868465518955,-65.8629530056531,-64.1125603920711,-60.232284519486,-64.9536207983441,-66.4549591983274,-68.0140423868549,-62.2453001006383,-57.9692995731621,-52.6620925578713,-56.6488737855545,-51.545376705859,-52.6795019147458,-57.4596965602909,-69.9264370391878,-85.0822201791646,-94.2070404012892,-103.949741748719,-112.857688705168,-123.599174332361,-116.573908933099,-107.731128026758,-111.331792876318,-107.120152009433,-101.690726139757,-106.116855883922,-109.632591636479,-105.322354568356,-100.210153870379,-94.3954738555428,-95.2161789505204,-94.5098300438566,-99.83418754858,-104.074288807738,-99.8485165132887,-94.4398403886715,-97.6637335179607,-102.238975517296,-107.268150214858,-107.470622858589,-110.019056158657,-104.188535752556,-103.732125204347,-97.6823087393287,-102.145021640283,-103.124146218237,-115.610825154677,-126.316630905934,-138.808452124027,-147.219071107276,-147.435728894567,-156.482826403621,-167.920716973489,-178.410971645824
0,3.41674378696458,8.91829128226114,13.9613878498711,18.4360096308143,21.3537127932836,23.2351290857523,25.9346503986539,27.4555464593451,32.8619130721958,33.8306490105465,40.8739655053957,38.0826069041483,42.3917332133459,46.1761955570934,48.2640951986149,54.1799661137852,49.3783968459507,52.6632969632984,55.0100993468328,49.3960687430241,50.3088950559316,45.9352673048173,43.7905277559229,37.4615689639166,42.4970288814481,39.6796042334876,43.6538835572167,37.9465422359146,34.771507676059,38.4340344638645,33.5653122467699,35.7189069382641,32.4976597448709,31.2691973529678,35.5595320670714,30.0052773612703,24.5829417209893,25.9043071163551,20.3912422315975,14.5023870842749,16.9030322349915,19.6189473439678,14.6803820854921,18.8844686203594,21.8069057577056,19.1363177863689,18.4582530544549,21.8907793854583,21.6215990254318,18.8367061918969,21.6707877520984,17.9637448939519,11.8926726055131,18.8587252636074,22.3670962351077,22.8547515860737,22.9853806971495,19.3800271522438,14.8603376641386,15.0721401452715,21.309812544569,19.0591696342646,15.4061647174479,20.3911661651074,19.1259874152514,20.6745642963101,14.7251266012377,19.4991947706852,16.5553083800732,15.5754041350546,20.0791992461436,23.3559447387506,20.5897136240083,16.7439157816664,11.3361908047527,15.9533121448421,22.5383139343254,24.7676794279102,28.3897524926346,24.2829538336702,25.1925037866449,21.0912981844896,22.9864180507526,26.0032766376697,22.1838688572191,27.0698963946408,22.8343961551686,27.592299550567,26.8747326653113,26.5353949656658,26.2589548202511,32.0340038877851,29.6291588393793,26.4560696793317,21.657267428016,20.8447356788558,16.8977960666842,22.7069464534304,20.3092208599925
0,9.25147667574124,11.7544550101377,14.723766176999,10.0075476416241,12.0870402783779,8.13506211237358,8.13088967840113,10.8542638202334,16.1114157917266,12.4595040174928,9.8040546179532,7.77707233918475,4.90928793538569,4.7222954764381,6.99978690893729,7.85904691262469,3.88466359017896,8.43253764895558,8.06294161707107,14.7429292511463,25.3818720032937,29.6606910493781,36.4335203379234,44.12360412608,41.2236199733099,38.6486229766479,40.1214779511844,36.0342655306725,38.1176374470032,34.0795974393959,31.2756150419444,35.7828073196413,32.2020011815142,28.9788160031034,31.0814402181865,27.6681659655031,31.1979274196754,26.3746053432609,31.9303056533749,35.3724797907815,29.4337561658486,28.9456248354016,26.9018992549249,24.7557810480834,23.6648647471013,27.9230639690241,31.7441683177715,27.1034801984849,28.3870406375653,29.0940176486439,34.4089661429978,34.422270377961,34.5959220315653,37.2789404048643,40.9484420671829,44.7490810211441,50.1553520281169,45.2600246789318,48.6152649955125,51.3362384911258,53.1027845432219,50.3467575581373,53.9143924223344,58.6960257853367,57.4250357265173,58.9398008213425,58.0873197519784,54.4376120229046,50.7084704223532,57.3206183973463,55.8982937616218,59.0908241009069,53.4105348686602,59.0740934821972,57.3837521537895,60.9600909417314,60.4779353118323,64.4910134338185,61.1092091456294,59.7844078747167,62.6389250828649,59.7665336246053,59.465994639841,63.8110460431565,67.1414172982851,63.5850093683276,67.8007871858115,65.296044187977,60.9401936282005,63.868367498466,70.1266145994036,67.6377768781748,70.4778681331898,74.8967394647549,73.4237175223185,77.9546750514836,72.1072046612802,71.0407083110121,71.5155099269899
0,-2.47645590920804,-4.54521235695241,-1.32123142949543,3.70520100526801,0.96418425188672,0.509544589045507,-4.04484326373644,-0.775935490076285,3.0950535495895,3.0155570118796,6.62070181619638,2.36292073131651,-1.98952920394103,-7.68211343336394,-15.3376630340309,-18.8138273973656,-18.9023146414184,-14.5158315347022,-12.6363127232937,-9.37431132016569,-4.48443769961122,-4.94707057672337,-1.07260995680251,2.52140636831792,0.294492823996359,-1.62003529975461,2.26830306474137,1.98408085458487,1.39028835666452,-2.3524837649041,0.398964472824709,4.60532184119937,7.61301172754355,9.99912834935103,5.66997752343449,2.12453553250799,0.436434539077583,-2.12631149767153,-5.91450572465283,-12.0927655022633,-14.9228501927926,-18.4732119574519,-13.8622484008554,-17.970903838706,-18.8196936346784,-16.540531903334,-16.3561711204039,-16.8263440219904,-14.5198598341452,-17.8978301878856,-13.4656994837255,-8.24033948264282,-5.99336496341795,-7.37406793771489,-9.29523479944469,-13.6622351579758,-15.6942984464391,-11.4485959578826,-22.3487117085744,-24.630698400027,-22.4125065524729,-16.9065574425109,-20.5274827352375,-25.1065716012505,-29.9991782796687,-36.7619290287703,-36.2701349507721,-39.0259766245331,-38.5587104196693,-41.0951292449195,-37.8250427939112,-42.3276980320135,-44.7032461002443,-40.0172042835906,-35.8139940083382,-31.5009295565621,-32.881658992362,-29.1436158647844,-32.7453272896117,-28.8351792829279,-24.639070576239,-26.9272894713437,-30.3447183717987,-33.4157954442714,-31.4660028770216,-34.3742153199224,-36.0777159593982,-31.5053881522499,-34.0396388397361,-29.0195202453905,-29.5405649602622,-30.663216307586,-25.4652341671609,-21.3765908647746,-25.2693996454172,-22.4487533467179,-26.3796572406433,-26.7510355209682,-30.3507509560477
0,4.02297121467354,-0.505571412213562,4.80891090240102,3.22525393784455,5.52286415119377,-0.373569418856789,3.13461243789265,0.861647810632483,-2.11609292042021,-0.821785740955421,2.32808368647087,4.3515135418172,3.07720389140587,6.50695672374504,2.12481265173168,4.04959971047331,1.85060352372889,3.25972274486943,5.72264112352362,9.88033598183971,6.99660888186365,1.94973557082283,-0.689136511571802,0.296485515188011,-5.35556136289818,0.415035391891186,-0.763313516689744,-4.52639745239934,-2.11179513969446,1.76358349432497,-0.0788803232365436,4.53878320399703,6.76891982167034,10.8423956220387,11.9934051272025,14.9169048662167,12.6723079188281,15.1787139515445,20.4454629216155,13.8959446053163,11.8852038776362,17.8695020750174,21.676576503693,16.0124112723572,17.1481903262753,19.6731146167009,25.06152311843,26.4001772810562,28.8183436630694,31.3690357252018,32.3310240207219,34.1034048197325,34.605799821771,33.4557733186598,28.5940321047671,23.2987925654933,20.8671875607917,25.2170612686375,29.3962026594636,30.1560942089447,33.074424788432,29.70885541804,30.8746569241666,29.4957481235574,29.894480166138,33.5652923392137,37.762040397871,35.9728396216455,32.6438987651226,34.5079379919911,33.9159286520716,37.3825083255788,35.1026165197596,32.3261379955643,18.8610045641128,17.1667799029364,17.4081994593954,21.0462219933484,23.8358640336088,26.2719347073809,26.6648533951046,31.8037984236094,28.9937984081148,28.3412803106596,24.0148419449831,28.0648758209652,30.6199431463336,34.9605256494265,39.411104141161,41.0778134955397,34.3879999651463,29.4514161845678,35.379389333398,31.6860869256884,32.5538135032424,28.5073899891823,33.3497525318495,28.4376606273949,33.6265079097413
0,-14.4577883850607,-33.250764980649,-27.7053084537278,-28.6854521664147,-31.4997041001437,-35.7657363872949,-34.5461232520115,-31.989074789055,-28.0265694671135,-33.8542345026984,-28.5898580736136,-27.2892672884442,-29.6504202059303,-33.3423712780599,-35.1028856703043,-30.4556953209233,-24.3029624751651,-31.29263987029,-36.0497340410462,-32.8442067184715,-27.7414171924813,-23.0834313035041,-25.1901626256214,-22.160304792403,-26.518994635879,-26.2847503735356,-32.0779814450754,-31.9716710870682,-34.8103637856803,-33.5350884425454,-37.4333492392372,-38.6526438542123,-42.6269851491665,-43.3892154826518,-39.2687747880752,-32.7606456863417,-37.3573484882485,-34.3945057225841,-30.524107647894,-26.3806644605512,-31.9232020725482,-39.1150852731205,-44.5741826262836,-48.4949016299231,-50.1754720930542,-48.8087838562399,-67.880791420827,-90.3719369622496,-110.538540036084,-133.320418867496,-135.642891150733,-131.859821593854,-136.906341427317,-134.957995306418,-139.637493474615,-139.342502857736,-136.836714554595,-136.354274741657,-137.922952058378,-141.233908824034,-167.264399645306,-185.872513998992,-205.338470591058,-206.250609602744,-201.246498751817,-204.770711092645,-208.736484920066,-213.270563269026,-213.758908909263,-215.446595524972,-217.363734367706,-222.361347178445,-219.143380393815,-214.731873961119,-212.333361136913,-216.032261232704,-211.479743041625,-210.22161112683,-212.138243425581,-207.048674758718,-212.835328600121,-214.515098563724,-219.437943205037,-227.027454676254,-221.57353622701,-216.549064401583,-214.442106633587,-217.829298059036,-213.515268635073,-218.411823514016,-216.512086482686,-211.259067547196,-215.702893297128,-220.39720702252,-226.312644566214,-229.876205325691,-230.970100389673,-246.17374908917,-269.125522562787
0,27.5218365305689,48.2484237992661,68.6009480273956,93.6625603549888,116.052492556152,133.82774029144,132.142755247464,127.316291463112,123.286329138763,119.339088434773,116.163896606818,121.151835969977,116.506549282752,122.206436513775,125.948688928323,126.629258478691,126.020097863728,126.476735599722,124.558465160173,121.730094494666,118.100438639789,122.236507848402,116.710445730765,116.160179625096,113.940375264376,114.397527856308,113.605705637547,109.555228451104,115.28539969194,118.254351603325,119.483478414291,113.895809680596,117.625174168223,117.34551520687,114.015105102104,114.668213095764,115.845014016683,110.209715699916,113.626497531482,109.608629392444,114.461038395966,118.386389901883,115.303812284312,119.483303234703,117.519427359236,122.899915505161,124.946543552546,125.25077697988,129.558622887278,122.668732094213,126.667227214215,129.10330226038,127.500918302475,124.396872093251,126.822723177535,129.339104869604,131.72953461961,128.625671062272,132.30034440441,135.576420971509,139.200194362072,137.778163410136,138.657256170359,142.466250825051,143.96101763323,149.159198987124,152.542905277114,156.453148862843,156.814472763376,161.511266603363,160.284740682723,162.896829570641,157.880368820138,153.715941511161,158.531314339286,153.430170908962,153.835129985215,148.59914337027,149.747702160073,152.614468757554,153.817425712927,155.0942780976,158.207716025288,158.221933108658,153.977717170854,153.842714030331,149.292366102911,149.40958613462,153.013169253557,157.779383948462,152.786841653789,151.551750686833,155.780636220659,177.091270814578,190.256525883212,221.9225523547,246.760290175029,266.783073702511,280.858855287342
0,28.9448338366084,53.8406339242145,55.3839362873058,61.3338423019722,61.7262922692552,66.0086224383687,62.2560955427611,92.6406351741853,121.503194573556,119.162942043068,125.109302749758,123.617447548671,121.04976369403,127.039568247969,131.816776632319,130.967211581739,126.788086936135,120.891851032248,125.966179145642,130.194119506052,126.968481759562,131.086286144734,131.707643699815,131.729794883666,132.486112778069,138.762883906535,141.649400901096,138.597068127636,142.477203661254,136.757383758936,140.477196010837,144.92547102464,143.998774564741,139.650816421898,139.010928660681,163.327415639683,194.260091445348,222.332921752666,253.499113396613,250.800930418465,249.851461044517,247.882495878553,243.093889707766,246.973962366436,251.733704518309,253.649432594233,251.822579289112,250.81101189159,248.711331597783,246.95375884438,252.005926722685,251.834769672331,283.738264465264,287.450744445668,287.64573449982,290.211391947368,312.893898550625,337.753543527035,335.826096033795,339.823586048643,335.37642857888,339.314963836024,333.850899511138,339.051275551323,340.571858644574,342.233554002002,339.0861537989,343.253040707751,344.956136469743,348.055412540172,352.87883805226,358.036560179965,357.492830549802,356.864281180158,358.391061425805,352.503545003697,352.238918953807,348.721730593189,350.916949405997,347.946885867119,344.82004362804,341.537853571539,337.298689305418,336.291884577459,340.084966174929,336.790187159858,334.108973038898,330.751356927255,326.478584458618,322.793580006589,326.673094976139,324.116567341281,323.351848779726,320.260592151902,321.494753984251,350.415616139685,346.232401077722,352.090137397683,356.403082391992
0,-3.39783059242162,-5.82415321263691,-1.15029057465801,-2.93909898285562,2.53662882030398,-1.39221233274414,-3.0382933362924,-3.64333330528064,-2.3353806307915,-7.61308056460913,-11.5267973520927,-9.53742708111222,-6.74897926987736,-2.50760096309373,-4.78163975886602,-7.59976504355683,-10.3330305765687,-14.0473174900202,-13.040148780413,-16.7615792450157,-18.2418527745652,-21.1236094275136,-21.4689107399597,-23.3376419068587,-24.0924185663882,-21.5196723108366,-19.4577367163407,-14.5568024511534,-11.9196305169523,-13.9370940082248,-17.2709741168635,-15.2319005780514,-12.1203150745197,-15.854696913069,-20.1149983982493,-21.9449442080498,-16.2993004625278,-12.3947819727905,-8.33251780537543,-7.03713298943679,-11.456566470988,-7.90420473270886,-3.42051578542589,0.924013171340431,3.71820796716696,-2.32034122677513,-1.33091529288799,3.6866939468646,1.73731305240943,1.86770846333172,-2.00264762624167,1.76621739654648,0.00882486171912533,-0.85410939533483,2.03768983389441,-0.0238935826247904,-4.6393528626099,-11.3460517711374,-16.6580677781425,-12.3155672134224,-16.8622682852108,-17.9547038382186,-13.9519136608915,-11.3793873258711,-13.5041928051549,-9.0976174355997,-13.3867234749738,-9.7771202815275,-7.89543104646644,-10.9637630779127,-7.76860489773582,-4.18986107921421,-9.5650667088104,-14.1881196372718,-11.3447636322253,-11.9469229292127,-14.3997633232562,-10.2151330373374,-12.8199381920288,-14.6792307194715,-12.1657480776586,-18.0033897594166,-22.731283204724,-26.8142181915586,-30.1688405232571,-33.4727773632626,-37.0491690134741,-31.223334377021,-28.6033390000739,-22.1159912496607,-19.8225470393522,-14.6905437996289,-15.579648031284,-20.6168787966546,-25.8734868168783,-26.6473500432703,-32.3970847391801,-35.8256897439923,-34.8660088098532
0,5.99380056941206,4.39316315694782,0.0196750626292355,0.489659330486477,-6.37862515458066,-10.3119300680765,-6.67904135614856,-5.6631491409617,-3.61748364366103,2.23929597936524,3.36867477830507,5.34463632968087,4.04762766878666,8.45635933648613,8.87494156801611,13.238635670746,11.1045900742242,7.49374418047189,1.99676123465742,-0.273600521041076,-5.17480976655579,-0.256826161905409,-1.45316804215623,-3.31591953821956,-8.99900263594395,-10.0905716158347,-14.4891413864877,-10.5367482286484,-15.3108530191165,-14.8167321627517,-14.2098153476555,-13.0992056193532,-14.2351041823308,-13.6434061038647,-16.3084772847322,-19.8289072855959,-19.4973922294186,-24.3717826620192,-24.8732851730587,-30.1662344858887,-33.8577424133357,-36.8506749167353,-32.1375440692192,-33.0568223149823,-32.8488697813609,-35.191270391503,-31.7294325291507,-30.2528424761868,-28.5051062638847,-33.1560101543443,-31.9603114670728,-37.3142870542398,-36.0880963193629,-29.0036012114052,-33.6522006138745,-29.308311937357,-24.2943548751464,-28.8509715628982,-26.7594320455144,-22.7404523779946,-24.0013792053736,-30.6590299447977,-26.876302391239,-21.4318907031737,-21.2992946034521,-16.1271055550702,-18.5940808933788,-15.4515336616936,-19.5236442190173,-15.9296019963539,-21.0897578666401,-20.792598972393,-20.527649273553,-23.7154911146593,-25.7732950296316,-20.4796378943179,-24.0737515844281,-29.1658824082428,-33.3313183395975,-28.7893336898947,-23.8185938981365,-25.7883376891349,-27.8632619989536,-24.8134377229795,-25.8197192217375,-20.1948025503146,-24.5153472981898,-20.0186430109476,-23.4813543931825,-19.4337474036453,-24.9356402302021,-31.1937392276152,-34.45300275908,-36.676796900381,-32.8363894713103,-28.5317021093839,-24.0951334424717,-17.8093488417982,-16.1469182848777
0,-20.9244494867155,-23.1356882405795,-20.8926202180976,-20.0694221671487,-13.8356399804179,-8.73100021679403,-9.40436264486576,-14.7785119292086,-9.73607747577568,-5.85479452332731,-8.33418766876589,-4.62804811708626,-6.3815443323448,-2.61251183702087,-2.59948194083482,-8.72053171537815,-11.5035388306459,-15.6543731362756,-15.2952662328716,-18.5153740705811,-25.6404912129918,-31.7317710250625,-37.3912389617968,-36.6364644404595,-41.0161130560532,-44.9499630327772,-40.8125490827062,-45.1282980955592,-48.3379761926464,-43.1645459855578,-44.8668453042318,-39.9944408155075,-38.7635235870329,-44.6484030480996,-40.4342323969334,-42.9089351061368,-59.7647397806242,-64.5922625596958,-64.3710711719505,-58.6260745883973,-61.9930852576553,-56.1345910492929,-58.389225721351,-56.98662912528,-57.0941198027924,-51.4196294686145,-45.7532903889577,-48.2480161308479,-47.4136038842298,-41.9769291392035,-36.6711087736517,-39.8317769330752,-41.3983027717626,-46.6931568123135,-50.5108000486142,-47.8714257062764,-44.23262513106,-43.972406464221,-66.7399369242255,-90.695124460123,-111.879204073046,-134.512623399392,-154.690182305127,-175.30867397051,-194.463037452878,-213.73513652303,-210.990700183063,-207.024252513312,-211.518001793003,-214.458880820798,-214.905507617351,-212.495973716406,-207.809254949396,-202.29219490108,-208.139456283562,-202.224672422033,-196.038805355129,-201.651987774297,-201.134654591514,-201.763959993189,-195.060351705235,-198.774866362058,-194.757066255871,-200.487211009598,-202.829311198713,-196.621903804401,-200.54775193043,-206.619938265649,-209.270831173975,-212.768235443172,-215.636864184904,-219.027819902056,-223.933394794575,-225.180345440949,-223.429125063356,-218.395353747264,-212.111757675326,-210.469427289232,-210.147180129911
0,1.36623347517681,5.40916594901437,0.639116693864951,-1.08075716179671,-5.25299901157041,-5.59197256161076,-1.23975898224631,-6.07924587455705,-6.53807946316166,-3.62698027544105,-0.388536996632276,-4.72838847935339,-6.58186653699061,-10.3174745244351,-13.8296688304508,-17.1350042974997,-17.3021275743797,-20.5151368898516,-15.4679202724248,-22.1375372082812,-21.6894907886665,-24.2753708701242,-29.2979251658833,-25.6251353053204,-31.413557336123,-31.3911236997942,-29.7241244644534,-26.4849262476267,-25.8798246406953,-22.9842421083821,-19.2975028581088,-17.3844997775904,-22.2368445551932,-21.7307360225419,-26.2134890187535,-22.8195855505588,-27.3169539690827,-33.7901304453144,-37.8865322062668,-41.9144331948105,-47.5232741992432,-50.4495485701423,-46.6225639443995,-51.1475417586103,-54.4801681991573,-49.1197848278019,-52.522624176057,-52.1327148481232,-47.1130983130159,-48.4115473455905,-45.8783092451648,-40.7159809184978,-41.5388460315006,-43.1577026348768,-48.5441317102708,-43.3088268506674,-48.7292368022118,-52.9727702190779,-57.1563901894749,-59.2803014401888,-64.6335214205552,-59.8347756232596,-63.0033863749352,-61.9678554842653,-60.8830804987404,-58.368232686939,-62.3404705991057,-64.283288507913,-68.2223168013848,-71.6957968116028,-68.0058567991502,-69.7919084607051,-68.2984126945357,-75.5221077875337,-71.352851739369,-75.2606313240765,-80.0052272615268,-75.0254787598836,-70.2354450699486,-75.6049083138971,-71.5057290687991,-73.1977251059208,-73.3214791882081,-73.6937077283297,-78.8971175622743,-75.2790493895503,-71.8541278652011,-73.9535318559628,-76.9247603858704,-79.5201491929836,-84.474407579499,-82.6985588821214,-83.0497184284932,-77.9298172833192,-74.0586894943464,-73.3240150032689,-78.560141583641,-81.8118150342787,-85.5609844803998
0,13.7691600701804,25.1121074922157,37.6818862561362,49.8000966896144,65.5748810256184,59.3951982062532,65.4154897831074,68.3008474559437,74.5959252732424,78.7125341844362,73.0124783101855,79.1707944502464,76.9638993697759,76.6140013780459,70.0588899634337,68.8536161732244,80.746126263395,83.6759578294713,79.4405258903044,85.2613563086227,79.9060005385573,78.213434811624,81.6719671648922,87.7605074514688,86.8960685539018,88.9610223800243,84.1443978284119,79.0500274057746,85.3066705540019,81.4819827751499,84.0146679938531,89.2940578686342,93.6136424300275,87.7296887606608,88.9483085217579,90.7727719246818,84.5540513097203,79.4663877641415,85.8140014101424,80.8337203901241,81.9628775811777,77.010105766736,76.3591412792715,89.5745393913912,104.870365077475,122.240412500203,136.276007381378,152.558474903375,167.50254374343,182.458082711407,197.046661983598,212.664039856664,222.42382075544,236.06013363206,246.032321196938,267.196399961866,280.17906745383,297.211562428038,301.462869112994,302.092310159932,298.33622041986,293.905158309155,298.007021886718,296.019301192121,315.450507232267,317.337349526259,316.421046405263,313.973978008267,313.418810246659,316.185402358727,311.575844748559,305.861679743083,305.115065504757,311.310318915644,307.972167737367,308.527077374,303.862482794516,297.152200884764,302.279021371063,308.033003086188,302.61303800771,299.720338973208,300.021219954097,303.377883712075,303.513209693705,300.804614951116,295.03590934019,291.551145882754,287.048147243028,286.796235375085,282.270716624463,287.947960921177,293.858718324298,299.016987158741,293.466943754123,295.910929049025,295.521053829435,301.116666789155,297.612722662069
0,-9.25832903300817,-20.7048464495409,-28.9178765956445,-38.1536394814727,-49.6806373278229,-58.8644071714753,-70.3460735341384,-79.4103172000006,-89.0743083030066,-86.4088109956382,-87.560953896656,-90.9511245544572,-89.501343532363,-85.6896496439097,-88.0350416987297,-82.6320672534435,-78.9100695014782,-74.4676311085143,-73.1139589246273,-68.5740786661413,-67.0446567199043,-68.0183515245726,-69.8055602384836,-72.8247368577132,-70.5993168258434,-74.9392153828613,-80.2281961103194,-88.4474116227538,-100.481176840088,-111.921904156122,-112.635466946219,-118.183632205519,-113.038025221063,-108.588411042634,-113.143171826068,-108.47103396166,-103.386518832371,-99.4226670153408,-96.9534873403714,-97.6260917254851,-96.7013788962842,-95.5832387254227,-91.943350770476,-93.8403054961308,-92.5736313403084,-93.4980393084646,-98.4226700970001,-100.252185921225,-96.2004330838984,-94.5879454571966,-90.0671731561286,-85.1708768028952,-82.0898585802681,-77.374286770013,-78.7849419502664,-76.9137469689044,-73.3091204669341,-70.6773386679367,-70.9070347483615,-67.5050141973477,-70.806266507469,-66.5028594188559,-62.7385762732804,-66.7848637679273,-65.4564705635095,-61.3126930343171,-59.0848682379641,-65.6243991042194,-85.8964553699011,-89.5325775125667,-92.405657504801,-96.3176088541143,-98.2934265064726,-101.236197744572,-97.0577187504176,-97.5846496193765,-99.9213885081624,-97.6609418610698,-100.505834343758,-103.788087246847,-105.209176724104,-101.286203434196,-97.2552919884867,-100.849346024341,-104.585607001905,-102.501172703426,-101.198859332697,-99.7638186462011,-95.8311021509594,-91.7333659396059,-94.3834691188965,-95.6000559567664,-99.8281453731779,-102.259941449934,-99.0923363305524,-107.718215689633,-119.460852115772,-132.211614481551,-141.530391505086
0,4.91916262047034,1.34349547971945,4.49937875025223,2.48277423111687,5.9609829934874,-18.9663295001213,-42.3235118386049,-64.8096623955226,-99.5567094447792,-123.737647166223,-150.114492382326,-172.318516259729,-200.879421981218,-228.126013503957,-229.735829973048,-225.963439814297,-228.903255457858,-232.037537738099,-235.135135393988,-230.953698203147,-225.902630956193,-230.723351910379,-234.88448918561,-232.708453787357,-228.661773808416,-232.303779013772,-233.713189935248,-229.388159878581,-228.021449787061,-232.505119242615,-235.839837058142,-232.881702476604,-234.480199946881,-234.712317912122,-260.783330413094,-257.948738639279,-260.085914993065,-257.376046407955,-260.559447191341,-265.983731372274,-263.553957509103,-258.878202331159,-261.932040579301,-258.173957539643,-264.043288994476,-259.719458957064,-255.626119168221,-254.355927498182,-257.024678971624,-257.909683801678,-280.591502856321,-303.471782503956,-323.086408407492,-345.143330233211,-369.730209084837,-403.229275553015,-427.637597511991,-451.870295933172,-457.618954943253,-455.426038755976,-454.994034873714,-450.711229127115,-449.819166042776,-453.874814921519,-449.689771041454,-446.444059670926,-447.37086785521,-442.427610200344,-442.583711109754,-438.981624415173,-443.26319989106,-446.515981016367,-448.760719687897,-444.307250611155,-466.857887917537,-469.60599144597,-474.302858827271,-478.340849983485,-475.601551986567,-472.06589593612,-465.810587034508,-471.52835211523,-469.640687140486,-470.172757005103,-469.508521238186,-476.021358782455,-480.177966429476,-480.893196039927,-485.627731498981,-489.685368593135,-486.202183225409,-486.997124294493,-484.009867983189,-482.376671446754,-478.739414547474,-485.343245667845,-480.852754676515,-480.210933554689,-481.165021930325
0,-5.92884364047864,-9.56117073971742,-14.6262468974583,-11.7862172787766,-17.3430641850694,-11.6097489401541,-18.7829565463764,-21.255521612369,-19.2998849238943,-16.0661935510919,-19.2697571545283,-15.5736582366208,-15.6862263858396,-10.6461626753102,-6.66631990255091,-4.1644344698644,-8.96008027612696,-10.2891639817731,-9.12993223251046,-13.0433931988563,0.947461571967018,17.3070067846105,34.7424566526523,45.664249703953,62.1745741647991,75.11903350075,91.211934771865,86.5427983527889,89.4752027286918,91.202219588711,96.0130697648427,96.4304021810341,97.5397847468445,95.8113145422631,93.5561777667987,90.4093694281644,85.5608104385884,79.0021888712495,75.2850073885602,81.2622989009134,82.4908828058158,78.8638493566267,72.8241668941579,73.8648091486616,78.4608342021746,76.4345643675547,71.4269195045151,67.4541434107348,74.4894916975043,76.2975752802861,69.2238298273649,70.8070996353916,71.48271726832,65.9074614264254,70.2781138630233,71.2121894389061,76.7780325330982,76.9935315701949,72.3827937645828,68.4672185673933,70.9924092366558,65.5410873085415,61.481997481679,63.3012797882029,57.3809365886869,52.7324796402017,56.7493276168229,53.6716997987391,55.1143636639772,52.328847091485,52.9497335086403,47.9590452115328,41.1178295875591,48.6702245625569,51.0477753689053,55.7793621611849,61.202179142434,66.5615395343915,63.3190031484756,57.6215520134309,55.0978276384595,60.7025009866465,60.3801699940825,62.258177199417,60.1192704660077,61.3725736750609,56.9335528754335,54.2017286059161,50.3152327546962,54.2695392165978,60.2587390366977,64.3048698065809,62.2515966745984,69.5404606405477,65.1974811743369,64.0950758915139,58.9721427308556,59.0522519753033,57.668487823539
